{"stats":{"minecraft:killed_by":{"minecraft:skeleton":1},"minecraft:used":{"minecraft:moss_carpet":1,"cataclysm:coral_bardiche":4,"minecraft:moss_block":1},"minecraft:picked_up":{"minecraft:stick":2,"minecraft:arrow":1,"minecraft:bone":1,"minecraft:wheat_seeds":3,"minecraft:acacia_log":1,"farmersdelight:tomato_seeds":3,"minecraft:azalea":1,"minecraft:moss_block":2,"minecraft:dirt":15,"minecraft:moss_carpet":2},"minecraft:custom":{"minecraft:time_since_rest":10861,"minecraft:open_chest":1,"minecraft:crouch_one_cm":42,"minecraft:deaths":1,"minecraft:sprint_one_cm":59046,"minecraft:play_time":35024,"minecraft:damage_taken":280,"minecraft:walk_one_cm":26714,"minecraft:sneak_time":31,"minecraft:mob_kills":1,"minecraft:jump":369,"minecraft:damage_dealt":331,"minecraft:leave_game":3,"minecraft:time_since_death":10832,"minecraft:climb_one_cm":105,"minecraft:total_world_time":35024,"minecraft:talked_to_villager":2,"minecraft:fall_one_cm":10367,"minecraft:fly_one_cm":208876},"minecraft:mined":{"minecraft:acacia_log":1,"minecraft:acacia_leaves":3,"minecraft:dead_bush":1,"minecraft:tall_grass":6,"minecraft:azalea":1,"farmersdelight:wild_tomatoes":3,"minecraft:moss_block":2,"minecraft:moss_carpet":2,"minecraft:oak_leaves":3},"minecraft:killed":{"minecraft:skeleton":1}},"DataVersion":3465}