{"stats":{"minecraft:dropped":{"farmersdelight:tomato_seeds":3,"minecraft:dirt":1,"minecraft:moss_carpet":1,"minecraft:grass":4,"minecraft:moss_block":1,"minecraft:oak_log":1,"minecraft:azalea":1,"minecraft:tall_grass":1,"minecraft:feather":2,"minecraft:acacia_log":1,"minecraft:stick":2,"minecraft:emerald":3},"minecraft:mined":{"minecraft:acacia_leaves":3,"minecraft:moss_carpet":2,"minecraft:grass":2,"minecraft:acacia_log":1,"minecraft:oak_log":1,"minecraft:dead_bush":1,"minecraft:dirt":1,"minecraft:tall_grass":10,"minecraft:azalea":1,"farmersdelight:wild_tomatoes":3,"minecraft:moss_block":2,"minecraft:oak_leaves":6,"minecraft:fern":1},"minecraft:killed_by":{"minecraft:skeleton":1,"minecraft:zombie":2},"minecraft:picked_up":{"minecraft:chicken":2,"minecraft:stick":2,"minecraft:feather":2,"minecraft:acacia_log":1,"farmersdelight:tomato_seeds":3,"minecraft:oak_log":1,"minecraft:dirt":16,"minecraft:moss_carpet":2,"minecraft:bone":1,"minecraft:arrow":1,"minecraft:wheat_seeds":10,"minecraft:grass":4,"minecraft:azalea":1,"minecraft:emerald":3,"minecraft:moss_block":3},"minecraft:killed":{"minecraft:skeleton":1},"minecraft:custom":{"minecraft:time_since_rest":17051,"minecraft:sprint_one_cm":119856,"minecraft:damage_taken":955,"minecraft:walk_one_cm":45534,"minecraft:mob_kills":1,"minecraft:drop":16,"minecraft:damage_dealt":400,"minecraft:swim_one_cm":1796,"minecraft:talked_to_villager":2,"minecraft:fly_one_cm":307865,"minecraft:open_chest":3,"minecraft:crouch_one_cm":114,"minecraft:play_time":62981,"minecraft:deaths":3,"minecraft:sneak_time":89,"minecraft:walk_under_water_one_cm":672,"minecraft:jump":652,"minecraft:walk_on_water_one_cm":3284,"minecraft:leave_game":5,"minecraft:time_since_death":17021,"minecraft:climb_one_cm":105,"minecraft:total_world_time":62981,"minecraft:fall_one_cm":14960,"minecraft:horse_one_cm":889},"minecraft:used":{"minecraft:moss_block":2,"minecraft:moss_carpet":1,"minecraft:bread":3,"cataclysm:coral_bardiche":4,"minecraft:torch":5}},"DataVersion":3465}