{"stats":{"minecraft:used":{"minecraft:oak_log":1,"minecraft:dirt":3},"minecraft:picked_up":{"minecraft:white_tulip":2,"minecraft:oak_log":1,"minecraft:cornflower":1,"minecraft:dirt":8},"minecraft:mined":{"minecraft:grass":4,"minecraft:grass_block":8,"minecraft:oak_log":1,"minecraft:flowering_azalea_leaves":4,"minecraft:azalea_leaves":9,"minecraft:white_tulip":1,"minecraft:cornflower":1},"minecraft:custom":{"minecraft:time_since_rest":4284,"minecraft:crouch_one_cm":1400,"minecraft:play_time":4284,"minecraft:sprint_one_cm":30348,"minecraft:damage_taken":50,"minecraft:walk_one_cm":9782,"minecraft:sneak_time":264,"minecraft:jump":135,"minecraft:leave_game":1,"minecraft:time_since_death":4284,"minecraft:total_world_time":4284,"minecraft:fly_one_cm":19981,"minecraft:fall_one_cm":3398}},"DataVersion":3465}