{"stats":{"minecraft:killed":{"minecraft:skeleton":1},"minecraft:picked_up":{"minecraft:arrow":1,"minecraft:bone":1,"minecraft:wheat_seeds":3,"minecraft:dirt":15},"minecraft:custom":{"minecraft:jump":81,"minecraft:open_chest":1,"minecraft:time_since_rest":17135,"minecraft:damage_dealt":79,"minecraft:crouch_one_cm":42,"minecraft:sprint_one_cm":11591,"minecraft:leave_game":2,"minecraft:play_time":17135,"minecraft:damage_taken":215,"minecraft:time_since_death":17135,"minecraft:walk_one_cm":9890,"minecraft:sneak_time":24,"minecraft:climb_one_cm":105,"minecraft:total_world_time":17135,"minecraft:mob_kills":1,"minecraft:fall_one_cm":3870,"minecraft:fly_one_cm":75614},"minecraft:mined":{"minecraft:tall_grass":6,"minecraft:oak_leaves":2}},"DataVersion":3465}