{"stats":{"minecraft:killed_by":{"minecraft:skeleton":1,"minecraft:zombie":1},"minecraft:dropped":{"farmersdelight:tomato_seeds":3,"minecraft:moss_carpet":1,"minecraft:moss_block":1,"minecraft:oak_log":1,"minecraft:azalea":1,"minecraft:acacia_log":1,"minecraft:stick":2},"minecraft:used":{"minecraft:moss_block":2,"minecraft:moss_carpet":1,"cataclysm:coral_bardiche":4},"minecraft:picked_up":{"minecraft:stick":2,"minecraft:acacia_log":1,"farmersdelight:tomato_seeds":3,"minecraft:oak_log":1,"minecraft:dirt":15,"minecraft:moss_carpet":2,"minecraft:bone":1,"minecraft:arrow":1,"minecraft:wheat_seeds":3,"minecraft:azalea":1,"minecraft:moss_block":3},"minecraft:custom":{"minecraft:time_since_rest":2431,"minecraft:sprint_one_cm":63429,"minecraft:damage_taken":480,"minecraft:walk_one_cm":30564,"minecraft:mob_kills":1,"minecraft:drop":10,"minecraft:damage_dealt":331,"minecraft:talked_to_villager":2,"minecraft:fly_one_cm":214146,"minecraft:open_chest":1,"minecraft:crouch_one_cm":42,"minecraft:play_time":43826,"minecraft:deaths":2,"minecraft:sneak_time":31,"minecraft:jump":395,"minecraft:leave_game":4,"minecraft:time_since_death":53,"minecraft:total_world_time":43826,"minecraft:climb_one_cm":105,"minecraft:fall_one_cm":10883},"minecraft:mined":{"minecraft:acacia_leaves":3,"minecraft:moss_carpet":2,"minecraft:acacia_log":1,"minecraft:oak_log":1,"minecraft:dead_bush":1,"minecraft:tall_grass":7,"farmersdelight:wild_tomatoes":3,"minecraft:azalea":1,"minecraft:moss_block":2,"minecraft:oak_leaves":6},"minecraft:killed":{"minecraft:skeleton":1}},"DataVersion":3465}