{"stats":{"minecraft:picked_up":{"minecraft:bone":1,"minecraft:arrow":1,"minecraft:wheat_seeds":3,"minecraft:dirt":15},"minecraft:custom":{"minecraft:jump":204,"minecraft:open_chest":1,"minecraft:time_since_rest":23024,"minecraft:damage_dealt":99,"minecraft:damage_taken":215,"minecraft:crouch_one_cm":42,"minecraft:leave_game":3,"minecraft:play_time":23024,"minecraft:sprint_one_cm":37985,"minecraft:time_since_death":23024,"minecraft:walk_one_cm":12951,"minecraft:sneak_time":24,"minecraft:total_world_time":23024,"minecraft:climb_one_cm":105,"minecraft:mob_kills":1,"minecraft:fall_one_cm":3870,"minecraft:fly_one_cm":178767},"minecraft:mined":{"minecraft:tall_grass":6,"minecraft:oak_leaves":2},"minecraft:killed":{"minecraft:skeleton":1}},"DataVersion":3465}